Categorie,Subcategorie,Behandelaar,Melding,Streefdatum
PLANNING - WIJZIGINGSVERZOEK,OPZEGGING,svc_Robotics,I1911 2425,
PLANNING - WIJZIGINGSVERZOEK,OPZEGGING,svc_Robotics,I1911 2423,
PLANNING - WIJZIGINGSVERZOEK,OPZEGGING,svc_Robotics,I1911 2420,
PLANNING - WIJZIGINGSVERZOEK,OPZEGGING,svc_Robotics,I1911 2405,
PLANNING - WIJZIGINGSVERZOEK,OPZEGGING,svc_Robotics,I1911 2400,
PLANNING - WIJZIGINGSVERZOEK,OPZEGGING,svc_Robotics,I1911 2373,
PLANNING - WIJZIGINGSVERZOEK,OPZEGGING,svc_Robotics,I1911 2372,
PLANNING - WIJZIGINGSVERZOEK,OPZEGGING,svc_Robotics,I1911 2316,
PLANNING - WIJZIGINGSVERZOEK,OPZEGGING,svc_Robotics,I1911 2197,
